,X_timestamp,X_version,X_id,X_index,X_score,X_type,beat_hostname,beat_version,enrichment_branch_name,metricset_module,metricset_name,metricset_rtt,system_cpu_cores,system_cpu_idle_pct,system_cpu_iowait_pct,system_cpu_irq_pct,system_cpu_nice_pct,system_cpu_softirq_pct,system_cpu_steal_pct,system_cpu_system_pct,system_cpu_total_pct,system_cpu_user_pct
17045,"December 18th 2018, 13:04:07.419",1,0JkkwmcBX8H-MD0_d_yd,metricbeat-000209,NA,doc,1,6.2.4,1,system,cpu,,4,393.43%,0%,0%,0%,0%,0%,3.75%,0.06570,2.82%
17067,"December 18th 2018, 13:03:33.445",1,WkoBwmcBAOA7YPJGIUgJ,metricbeat-000209,NA,doc,2,6.2.4,1,system,cpu,203,4,391.63%,0%,0%,0%,0%,0%,7.07%,0.08370,1.30%
17044,"December 18th 2018, 13:04:08.740",1,Ex0kwmcBdDbnrhqkeX0n,metricbeat-000209,NA,doc,3,6.2.4,1,system,cpu,92,4,393.90%,0%,0%,0%,0%,0%,4.19%,0.06100,1.91%
17132,"December 18th 2018, 13:01:28.250",1,bRsTwmcBdDbnrhqkxc-N,metricbeat-000209,NA,doc,4,6.2.4,1,system,cpu,144,4,396.23%,0%,0%,0%,0%,0%,2.82%,0.03770,0.95%
17085,"December 18th 2018, 13:03:10.215",1,KVUBwmcBuqt-6aA3VSFb,metricbeat-000209,NA,doc,5,6.2.4,1,system,cpu,,4,391.29%,0%,0%,0%,0%,0%,7.10%,0.08710,1.61%
17036,"December 18th 2018, 13:04:38.710",1,vIUBwmcBbOSZnM2xRPvO,metricbeat-000209,NA,doc,6,6.2.4,1,system,cpu,,4,393.08%,0%,0%,0%,0%,0%,5.73%,0.06920,1.19%
17050,"December 18th 2018, 13:04:01.039",1,8pUkwmcBbOSZnM2xcf_1,metricbeat-000209,NA,doc,7,6.2.4,1,system,cpu,,4,392.63%,0%,0%,0%,0%,0%,6.34%,0.07370,1.03%
17056,"December 18th 2018, 13:03:49.485",1,ig0BwmcBdDbnrhqkcdks,metricbeat-000209,NA,doc,8,6.2.4,1,system,cpu,,4,397.12%,0%,0%,0%,0%,0%,2.28%,0.02880,0.60%
17094,"December 18th 2018, 13:02:46.925",1,PVkUwmcBAOA7YPJGKVDv,metricbeat-000209,NA,doc,12,6.2.4,2,system,cpu,,4,394.78%,0%,0%,0%,0%,0%,4.17%,0.05220,1.06%
17127,"December 18th 2018, 13:01:38.984",1,2g0BwmcBdDbnrhqkJh7j,metricbeat-000209,NA,doc,14,6.2.4,2,system,cpu,,4,398.01%,0%,0%,0%,0%,0%,1.58%,0.01990,0.42%
17112,"December 18th 2018, 13:02:08.080",1,3FQAwmcBuqt-6aA3zxdD,metricbeat-000209,NA,doc,20,6.2.4,2,system,cpu,,4,390.35%,0%,0%,0%,0%,0%,7.98%,0.09650,1.66%
17097,"December 18th 2018, 13:02:41.388",1,puoBwmcBn_oGi6rsR0UN,metricbeat-000209,NA,doc,21,6.2.4,2,system,cpu,,4,394.09%,0%,0%,0%,0%,0%,3.11%,0.05910,2.80%
17133,"December 18th 2018, 13:01:28.003",1,Z0oBwmcBAOA7YPJGHkNa,metricbeat-000209,NA,doc,22,6.2.4,2,system,cpu,,4,395.61%,0%,0%,0%,0%,0%,3.06%,0.04390,1.33%
17130,"December 18th 2018, 13:01:34.451",1,lSETwmcBN4R-DFd1yWXv,metricbeat-000209,NA,doc,23,6.2.4,2,system,cpu,,4,393.10%,0%,0%,0%,0%,0%,5.81%,0.06900,1.09%
17048,"December 18th 2018, 13:04:02.263",1,A_wkwmcBrehMbwjYdLcZ,metricbeat-000209,NA,doc,24,6.2.4,2,system,cpu,,4,396.35%,0%,0%,0%,0%,0%,2.27%,0.03650,1.38%
17043,"December 18th 2018, 13:04:11.409",1,t1QBwmcBuqt-6aA3OdNK,metricbeat-000209,NA,doc,25,6.2.4,3,system,cpu,,4,396.24%,0%,0%,0%,0%,0%,2.95%,0.03760,0.81%
17096,"December 18th 2018, 13:02:41.643",1,I5gUwmcBX8H-MD0_JLiu,metricbeat-000209,NA,doc,26,6.2.4,3,system,cpu,,4,342.17%,0%,0%,0%,0%,0%,45.35%,0.57830,12.48%
17089,"December 18th 2018, 13:02:53.376",1,pZQUwmcBbOSZnM2xLum0,metricbeat-000209,NA,doc,27,6.2.4,3,system,cpu,,4,394.65%,0%,0%,0%,0%,0%,4.53%,0.05350,0.83%
17140,"December 18th 2018, 13:01:25.304",1,ZfgTwmcBn_oGi6rsxGKe,metricbeat-000209,NA,doc,28,6.2.4,3,system,cpu,,4,392.94%,0%,0%,0%,0%,0%,5.67%,0.07060,1.40%
17092,"December 18th 2018, 13:02:51.632",1,4GMUwmcBuqt-6aA3Lbeu,metricbeat-000209,NA,doc,29,6.2.4,3,system,cpu,144,4,345.38%,0%,0%,0%,0%,0%,43.40%,0.54620,11.23%
17167,"December 18th 2018, 13:00:24.889",1,240AwmcB6ZGVNHRk5hMN,metricbeat-000209,NA,doc,30,6.2.4,3,system,cpu,,4,361.24%,0%,0%,0%,0%,0%,30.29%,0.38760,8.46%
17093,"December 18th 2018, 13:02:47.220",1,IBMBwmcBN4R-DFd1SQMT,metricbeat-000209,NA,doc,31,6.2.4,3,system,cpu,,4,347.73%,0%,0%,0%,0%,0%,40.91%,0.52270,11.36%
17108,"December 18th 2018, 13:02:14.380",1,C5wTwmcB6ZGVNHRk8C7S,metricbeat-000209,NA,doc,32,6.2.4,4,system,cpu,,4,398.35%,0%,0%,0%,0%,0%,1.21%,0.01650,0.44%
17054,"December 18th 2018, 13:03:51.235",1,_RIBwmcBN4R-DFd1LrY4,metricbeat-000209,NA,doc,33,6.2.4,4,system,cpu,,4,385.33%,0%,0%,0%,0%,0%,11.66%,0.14670,3.01%
17069,"December 18th 2018, 13:03:31.233",1,yucBwmcBxOZ1qs_pabiL,metricbeat-000209,NA,doc,34,6.2.4,4,system,cpu,,4,397.64%,0%,0%,0%,0%,0%,1.83%,0.02360,0.54%
17157,"December 18th 2018, 13:00:51.377",1,IusAwmcBrehMbwjYqndQ,metricbeat-000209,NA,doc,35,6.2.4,4,system,cpu,,4,395.06%,0%,0%,0%,0%,0%,4.17%,0.04940,0.77%
17168,"December 18th 2018, 13:00:24.637",1,EhsTwmcBdDbnrhqkmHE6,metricbeat-000209,NA,doc,36,6.2.4,4,system,cpu,,4,382.14%,0%,0%,0%,0%,0%,15.91%,0.17860,1.95%
17172,"December 18th 2018, 13:00:21.055",1,tlMAwmcBuqt-6aA3m48j,metricbeat-000209,NA,doc,37,6.2.4,4,system,cpu,,4,393.72%,0%,0%,0%,0%,0%,5.11%,0.06280,1.17%
17165,"December 18th 2018, 13:00:30.377",1,U4QAwmcBbOSZnM2xnZ7O,metricbeat-000209,NA,doc,38,6.2.4,4,system,cpu,,4,395.64%,0%,0%,0%,0%,0%,3.62%,0.04360,0.74%
11849,"December 18th 2018, 15:49:02.896",1,uL5BwmcBX8H-MD0_woZa,metricbeat-000209,NA,doc,39,6.2.4,4,system,cpu,"21,055",4,0%,0%,0%,0%,0%,0%,0%,0.00000,0%
17128,"December 18th 2018, 13:01:38.203",1,iJsTwmcB6ZGVNHRk1Pzt,metricbeat-000209,NA,doc,40,6.2.4,4,system,cpu,,4,394.10%,0%,0%,0%,0%,0%,4.88%,0.05900,1.02%
17170,"December 18th 2018, 13:00:21.958",1,#NAME?,metricbeat-000209,NA,doc,41,6.2.4,5,system,cpu,,4,393.22%,0%,0%,0%,0%,0%,5.26%,0.06780,1.52%
17151,"December 18th 2018, 13:00:58.791",1,AWITwmcBuqt-6aA3p_mK,metricbeat-000209,NA,doc,42,6.2.4,5,system,cpu,,4,395.89%,0%,0%,0%,0%,0%,2.92%,0.04110,1.20%
17032,"December 18th 2018, 13:04:47.470",1,lesBwmcBn_oGi6rswADI,metricbeat-000209,NA,doc,43,6.2.4,5,system,cpu,,4,392.75%,0%,0%,0%,0%,0%,6.25%,0.07250,1%
17177,"December 18th 2018, 13:00:12.204",1,XAwAwmcBdDbnrhqk4LM8,metricbeat-000209,NA,doc,44,6.2.4,5,system,cpu,,4,391.78%,0%,0%,0%,0%,0%,7.14%,0.08220,1.08%
17155,"December 18th 2018, 13:00:53.962",1,MREAwmcBN4R-DFd1q6z7,metricbeat-000209,NA,doc,45,6.2.4,5,system,cpu,,4,396.71%,0%,0%,0%,0%,0%,2.60%,0.03290,0.69%
17158,"December 18th 2018, 13:00:48.558",1,pVMAwmcBuqt-6aA3p6vX,metricbeat-000209,NA,doc,46,6.2.4,5,system,cpu,,4,390.67%,0%,0%,0%,0%,0%,8.17%,0.09330,1.16%
17039,"December 18th 2018, 13:04:23.129",1,5oUBwmcBbOSZnM2xPezr,metricbeat-000209,NA,doc,47,6.2.4,5,system,cpu,244,4,395.90%,0%,0%,0%,0%,0%,3.27%,0.04100,0.83%
17110,"December 18th 2018, 13:02:13.538",1,jRIAwmcBN4R-DFd11h8Z,metricbeat-000209,NA,doc,48,6.2.4,6,system,cpu,,4,397.28%,0%,0%,0%,0%,0%,1.98%,0.02720,0.74%
17178,"December 18th 2018, 13:00:10.127",1,7psTwmcB6ZGVNHRkkHnB,metricbeat-000209,NA,doc,49,6.2.4,6,system,cpu,,4,397.04%,0%,0%,0%,0%,0%,2.35%,0.02960,0.60%
17091,"December 18th 2018, 13:02:51.916",1,pBIAwmcBN4R-DFd16VP1,metricbeat-000209,NA,doc,50,6.2.4,6,system,cpu,,4,395.57%,0%,0%,0%,0%,0%,3.84%,0.04430,0.59%
17104,"December 18th 2018, 13:02:27.552",1,mWMUwmcBuqt-6aA3B4mY,metricbeat-000209,NA,doc,51,6.2.4,6,system,cpu,,4,380.84%,0%,0%,0%,0%,0%,15.96%,0.19160,3.20%
17041,"December 18th 2018, 13:04:21.354",1,W1QBwmcBuqt-6aA3POCl,metricbeat-000209,NA,doc,52,6.2.4,6,system,cpu,,4,393.07%,0%,0%,0%,0%,0%,4.25%,0.06930,2.68%
17102,"December 18th 2018, 13:02:37.084",1,G-oBwmcBn_oGi6rsRUJH,metricbeat-000209,NA,doc,53,6.2.4,6,system,cpu,,4,393.68%,0%,0%,0%,0%,0%,3.55%,0.06320,2.77%
17077,"December 18th 2018, 13:03:19.876",1,MBwgwmcBdDbnrhqkFPI4,metricbeat-000209,NA,doc,54,6.2.4,6,system,cpu,,4,388.39%,0%,0%,0%,0%,0%,8.16%,0.11610,3.46%
17060,"December 18th 2018, 13:03:43.291",1,7OkBwmcBn_oGi6rsKe2e,metricbeat-000209,NA,doc,55,6.2.4,6,system,cpu,,4,392.63%,0%,0%,0%,0%,0%,4.53%,0.07370,2.84%
17105,"December 18th 2018, 13:02:25.094",1,HRIAwmcBN4R-DFd12i7b,metricbeat-000209,NA,doc,60,6.2.4,7,system,cpu,68,4,395.16%,0%,0%,0%,0%,0%,3.97%,0.04840,0.88%
17087,"December 18th 2018, 13:02:56.151",1,EOYAwmcBxOZ1qs_p68g1,metricbeat-000209,NA,doc,61,6.2.4,7,system,cpu,,4,396.69%,0%,0%,0%,0%,0%,2.52%,0.03310,0.79%
15167,"December 18th 2018, 14:04:23.604",1,bygowmcBN4R-DFd1k2Bm,metricbeat-000209,NA,doc,62,6.2.4,7,system,cpu,,4,327.94%,0%,0%,0%,0%,0%,50.43%,0.72060,21.63%
17163,"December 18th 2018, 13:00:34.375",1,kEkAwmcBAOA7YPJG5_fm,metricbeat-000209,NA,doc,68,6.2.4,7,system,cpu,111,4,395.76%,0%,0%,0%,0%,0%,3.47%,0.04240,0.77%
17073,"December 18th 2018, 13:03:24.781",1,IFogwmcBAOA7YPJGzATr,metricbeat-000209,NA,doc,69,6.2.4,7,system,cpu,,4,395.44%,0%,0%,0%,0%,0%,3.77%,0.04560,0.79%
17082,"December 18th 2018, 13:03:11.990",1,EfkfwmcBn_oGi6rsGGva,metricbeat-000209,NA,doc,70,6.2.4,7,system,cpu,,4,395.72%,0%,0%,0%,0%,0%,2.57%,0.04280,1.71%
17064,"December 18th 2018, 13:03:35.971",1,Eu0BwmcBrehMbwjYax0x,metricbeat-000209,NA,doc,71,6.2.4,7,system,cpu,,4,396.68%,0%,0%,0%,0%,0%,2.56%,0.03320,0.76%
17121,"December 18th 2018, 13:01:54.299",1,pJQTwmcBbOSZnM2x6pu5,metricbeat-000209,NA,doc,188,6.2.4,7,system,cpu,,4,396.96%,0%,0%,0%,0%,0%,2.65%,0.03040,0.39%
17030,"December 18th 2018, 13:04:51.085",1,rB0lwmcBdDbnrhqkFs_X,metricbeat-000209,NA,doc,72,6.2.4,8,system,cpu,,4,397.27%,0%,0%,0%,0%,0%,2.20%,0.02730,0.53%
17166,"December 18th 2018, 13:00:29.312",1,2ugAwmcBn_oGi6rsneIS,metricbeat-000209,NA,doc,74,6.2.4,8,system,cpu,,4,392.05%,0%,0%,0%,0%,0%,5.43%,0.07950,2.52%
17055,"December 18th 2018, 13:03:50.358",1,_pkkwmcBX8H-MD0_MdqP,metricbeat-000209,NA,doc,75,6.2.4,8,system,cpu,,4,383.70%,0%,0%,0%,0%,0%,11.85%,0.16300,4.45%
17150,"December 18th 2018, 13:01:04.717",1,a4kAwmcBX8H-MD0_-qPj,metricbeat-000209,NA,doc,76,6.2.4,8,system,cpu,,4,388.29%,0%,0%,0%,0%,0%,10.06%,0.11710,1.65%
17137,"December 18th 2018, 13:01:25.988",1,QJsTwmcB6ZGVNHRkxut4,metricbeat-000209,NA,doc,77,6.2.4,8,system,cpu,,4,393.39%,0%,0%,0%,0%,0%,5.17%,0.06610,1.45%
17079,"December 18th 2018, 13:03:14.374",1,6pwfwmcB6ZGVNHRkWfLO,metricbeat-000209,NA,doc,78,6.2.4,8,system,cpu,262,4,393.11%,0%,0%,0%,0%,0%,5.87%,0.06890,1.02%
17123,"December 18th 2018, 13:01:53.274",1,kekAwmcBn_oGi6rsxksI,metricbeat-000209,NA,doc,79,6.2.4,9,system,cpu,,4,396.16%,0%,0%,0%,0%,0%,2.80%,0.03840,1.04%
17154,"December 18th 2018, 13:00:54.608",1,_RsTwmcBdDbnrhqkpJ5q,metricbeat-000209,NA,doc,80,6.2.4,9,system,cpu,,4,395.67%,0%,0%,0%,0%,0%,3.51%,0.04330,0.82%
17160,"December 18th 2018, 13:00:46.924",1,TJQTwmcBbOSZnM2xoCO1,metricbeat-000209,NA,doc,82,6.2.4,9,system,cpu,,4,393.21%,0%,0%,0%,0%,0%,5.69%,0.06790,1.09%
17046,"December 18th 2018, 13:04:05.663",1,qY4BwmcB6ZGVNHRkeEHp,metricbeat-000209,NA,doc,83,6.2.4,9,system,cpu,,4,393.68%,0%,0%,0%,0%,0%,5.29%,0.06320,1.03%
17088,"December 18th 2018, 13:02:55.059",1,GJwUwmcB6ZGVNHRkNWyk,metricbeat-000209,NA,doc,84,6.2.4,9,system,cpu,,4,396.43%,0%,0%,0%,0%,0%,2.86%,0.03570,0.71%
17179,"December 18th 2018, 13:00:08.071",1,QJMTwmcBbOSZnM2xj-0F,metricbeat-000209,NA,doc,85,6.2.4,10,system,cpu,,4,397.45%,0%,0%,0%,0%,0%,1.99%,0.02550,0.55%
17101,"December 18th 2018, 13:02:37.600",1,tOoBwmcBn_oGi6rsQDmV,metricbeat-000209,NA,doc,86,6.2.4,10,system,cpu,,4,393.51%,0%,0%,0%,0%,0%,4.68%,0.06490,1.81%
17099,"December 18th 2018, 13:02:39.293",1,yZgUwmcBX8H-MD0_I7Nk,metricbeat-000209,NA,doc,87,6.2.4,10,system,cpu,,4,398.21%,0%,0%,0%,0%,0%,1.44%,0.01790,0.34%
17031,"December 18th 2018, 13:04:50.161",1,SJolwmcBX8H-MD0_Fliv,metricbeat-000209,NA,doc,88,6.2.4,10,system,cpu,,4,395.37%,0%,0%,0%,0%,0%,3.86%,0.04630,0.77%
17074,"December 18th 2018, 13:03:21.158",1,iekBwmcBn_oGi6rsAceG,metricbeat-000209,NA,doc,89,6.2.4,10,system,cpu,,4,396.37%,0%,0%,0%,0%,0%,2.97%,0.03630,0.66%
17051,"December 18th 2018, 13:03:56.165",1,SkoBwmcBAOA7YPJGMW48,metricbeat-000209,NA,doc,90,6.2.4,11,system,cpu,143,4,395.23%,0%,0%,0%,0%,0%,3.81%,0.04770,0.96%
17106,"December 18th 2018, 13:02:20.913",1,fwwAwmcBdDbnrhqk2KM5,metricbeat-000209,NA,doc,91,6.2.4,11,system,cpu,,4,385.13%,0%,0%,0%,0%,0%,12.93%,0.14870,1.94%
17063,"December 18th 2018, 13:03:37.967",1,0YkBwmcBX8H-MD0_I9jm,metricbeat-000209,NA,doc,92,6.2.4,11,system,cpu,,4,397.52%,0%,0%,0%,0%,0%,1.90%,0.02480,0.58%
17153,"December 18th 2018, 13:00:55.592",1,Y1QAwmcBuqt-6aA38mpI,metricbeat-000209,NA,doc,93,6.2.4,11,system,cpu,82,4,394.90%,0%,0%,0%,0%,0%,4.45%,0.05100,0.65%
17129,"December 18th 2018, 13:01:37.323",1,jyETwmcBN4R-DFd10WpY,metricbeat-000209,NA,doc,95,6.2.4,11,system,cpu,,4,393.06%,0%,0%,0%,0%,0%,5.71%,0.06940,1.23%
17083,"December 18th 2018, 13:03:10.850",1,cyIfwmcBN4R-DFd1BlLx,metricbeat-000209,NA,doc,96,6.2.4,11,system,cpu,,4,395.70%,0%,0%,0%,0%,0%,3.65%,0.04300,0.65%
17080,"December 18th 2018, 13:03:13.424",1,aOYAwmcBxOZ1qs_p--id,metricbeat-000209,NA,doc,97,6.2.4,11,system,cpu,,4,395.81%,0%,0%,0%,0%,0%,3.31%,0.04190,0.88%
17040,"December 18th 2018, 13:04:21.950",1,dYoBwmcBX8H-MD0_s8Wy,metricbeat-000209,NA,doc,98,6.2.4,11,system,cpu,,4,393.41%,0%,0%,0%,0%,0%,5.40%,0.06590,1.20%
17057,"December 18th 2018, 13:03:45.518",1,Gx0jwmcBdDbnrhqkc0j0,metricbeat-000209,NA,doc,183,6.2.4,11,system,cpu,,4,397.93%,0%,0%,0%,0%,0%,1.60%,0.02070,0.47%
17148,"December 18th 2018, 13:01:07.295",1,MuYAwmcBxOZ1qs_p_OsO,metricbeat-000209,NA,doc,99,6.2.4,12,system,cpu,,4,397.28%,0%,0%,0%,0%,0%,2.15%,0.02720,0.57%
17145,"December 18th 2018, 13:01:13.955",1,QFMAwmcBuqt-6aA3t87G,metricbeat-000209,NA,doc,100,6.2.4,12,system,cpu,,4,397.77%,0%,0%,0%,0%,0%,1.73%,0.02230,0.50%
17162,"December 18th 2018, 13:00:37.187",1,GpQTwmcBbOSZnM2xnhha,metricbeat-000209,NA,doc,101,6.2.4,12,system,cpu,,4,396.31%,0%,0%,0%,0%,0%,2.73%,0.03690,0.96%
17034,"December 18th 2018, 13:04:44.434",1,uIoBwmcBX8H-MD0_RzAY,metricbeat-000209,NA,doc,102,6.2.4,12,system,cpu,,4,395.71%,0%,0%,0%,0%,0%,3.66%,0.04290,0.62%
17029,"December 18th 2018, 13:04:51.430",1,vYYBwmcBbOSZnM2xSQz6,metricbeat-000209,NA,doc,103,6.2.4,12,system,cpu,,4,395.61%,0%,0%,0%,0%,0%,3.46%,0.04390,0.93%
17068,"December 18th 2018, 13:03:32.806",1,mxMBwmcBN4R-DFd1alUG,metricbeat-000209,NA,doc,104,6.2.4,12,system,cpu,,4,396.52%,0%,0%,0%,0%,0%,2.81%,0.03480,0.67%
17115,"December 18th 2018, 13:02:03.039",1,0IkAwmcBX8H-MD0_ykDm,metricbeat-000209,NA,doc,105,6.2.4,12,system,cpu,,4,392.14%,0%,0%,0%,0%,0%,6.99%,0.07860,0.88%
17072,"December 18th 2018, 13:03:25.796",1,4pkgwmcBX8H-MD0_zIL4,metricbeat-000209,NA,doc,106,6.2.4,13,system,cpu,,4,395.10%,0%,0%,0%,0%,0%,3.23%,0.04900,1.66%
17164,"December 18th 2018, 13:00:30.595",1,7wwAwmcBdDbnrhqknRWz,metricbeat-000209,NA,doc,107,6.2.4,13,system,cpu,120,4,395.62%,0%,0%,0%,0%,0%,3.99%,0.04380,0.39%
17175,"December 18th 2018, 13:00:13.233",1,XogAwmcBX8H-MD0_lbZM,metricbeat-000209,NA,doc,108,6.2.4,13,system,cpu,,4,397.58%,0%,0%,0%,0%,0%,1.63%,0.02420,0.79%
17026,"December 18th 2018, 13:04:58.292",1,iecBwmcBxOZ1qs_pTH0Y,metricbeat-000209,NA,doc,109,6.2.4,13,system,cpu,,4,394.59%,0%,0%,0%,0%,0%,3.66%,0.05410,1.75%
17061,"December 18th 2018, 13:03:42.563",1,xCIjwmcBN4R-DFd1Sc-y,metricbeat-000209,NA,doc,110,6.2.4,13,system,cpu,,4,395.88%,0%,0%,0%,0%,0%,3.54%,0.04120,0.58%
17095,"December 18th 2018, 13:02:44.269",1,4fYUwmcBxOZ1qs_pJgeY,metricbeat-000209,NA,doc,111,6.2.4,13,system,cpu,,4,392.98%,0%,0%,0%,0%,0%,6.17%,0.07020,0.85%
17100,"December 18th 2018, 13:02:38.633",1,VooBwmcBX8H-MD0_QCmh,metricbeat-000209,NA,doc,113,6.2.4,13,system,cpu,,4,393.24%,0%,0%,0%,0%,0%,5.90%,0.06760,0.85%
17152,"December 18th 2018, 13:00:58.076",1,XxsTwmcBdDbnrhqkpqNE,metricbeat-000209,NA,doc,114,6.2.4,13,system,cpu,,4,397.14%,0%,0%,0%,0%,0%,2.17%,0.02860,0.69%
17119,"December 18th 2018, 13:01:57.671",1,JecBwmcBxOZ1qs_pLy0z,metricbeat-000209,NA,doc,115,6.2.4,14,system,cpu,,4,396.31%,0%,0%,0%,0%,0%,2.94%,0.03690,0.75%
17125,"December 18th 2018, 13:01:42.629",1,3YUBwmcBbOSZnM2xKa48,metricbeat-000209,NA,doc,116,6.2.4,14,system,cpu,,4,396.90%,0%,0%,0%,0%,0%,2.37%,0.03100,0.73%
17052,"December 18th 2018, 13:03:53.908",1,WxMBwmcBN4R-DFd1c3nG,metricbeat-000209,NA,doc,117,6.2.4,14,system,cpu,,4,397.36%,0%,0%,0%,0%,0%,1.77%,0.02640,0.87%
17156,"December 18th 2018, 13:00:52.821",1,vUoAwmcBAOA7YPJG7xGm,metricbeat-000209,NA,doc,118,6.2.4,14,system,cpu,,4,394.53%,0%,0%,0%,0%,0%,4.86%,0.05470,0.61%
17136,"December 18th 2018, 13:01:26.088",1,1ucBwmcBxOZ1qs_pHAWw,metricbeat-000209,NA,doc,119,6.2.4,14,system,cpu,,4,395.42%,0%,0%,0%,0%,0%,3.84%,0.04580,0.73%
17065,"December 18th 2018, 13:03:34.253",1,vY0BwmcB6ZGVNHRkIWQ2,metricbeat-000209,NA,doc,120,6.2.4,14,system,cpu,,4,394.34%,0%,0%,0%,0%,0%,4.70%,0.05660,0.96%
17146,"December 18th 2018, 13:01:11.611",1,nkoAwmcBAOA7YPJG_it7,metricbeat-000209,NA,doc,121,6.2.4,14,system,cpu,,4,390.99%,0%,0%,0%,0%,0%,7.71%,0.09010,1.30%
17103,"December 18th 2018, 13:02:28.751",1,0pgUwmcBX8H-MD0_CqEZ,metricbeat-000209,NA,doc,122,6.2.4,14,system,cpu,,4,391.06%,0%,0%,0%,0%,0%,6.72%,0.08940,2.22%
12875,"December 18th 2018, 15:16:55.846",1,VLA7wmcBbOSZnM2xZ3Rs,metricbeat-000209,NA,doc,123,6.2.4,15,system,cpu,"18,949",4,0%,0%,0%,0%,0%,0%,0%,0.00000,0%
17035,"December 18th 2018, 13:04:41.172",1,t1UBwmcBuqt-6aA3u76N,metricbeat-000209,NA,doc,124,6.2.4,15,system,cpu,,4,397.27%,0%,0%,0%,0%,0%,2.28%,0.02730,0.45%
17169,"December 18th 2018, 13:00:23.366",1,7BEAwmcBN4R-DFd1m461,metricbeat-000209,NA,doc,125,6.2.4,15,system,cpu,,4,393.93%,0%,0%,0%,0%,0%,5%,0.06070,1.07%
17180,"December 18th 2018, 13:00:05.099",1,aOgAwmcBn_oGi6rsh8fJ,metricbeat-000209,NA,doc,126,6.2.4,15,system,cpu,,4,394.56%,0%,0%,0%,0%,0%,4.35%,0.05440,1.09%
17059,"December 18th 2018, 13:03:43.419",1,5-wBwmcBrehMbwjYKXak,metricbeat-000209,NA,doc,127,6.2.4,15,system,cpu,,4,395.22%,0%,0%,0%,0%,0%,3.98%,0.04780,0.79%
17086,"December 18th 2018, 13:02:58.101",1,zOoBwmcBn_oGi6rsTVvW,metricbeat-000209,NA,doc,128,6.2.4,16,system,cpu,,4,396.21%,0%,0%,0%,0%,0%,2.24%,0.03790,1.55%
17071,"December 18th 2018, 13:03:28.221",1,pQ0BwmcBdDbnrhqkHAgB,metricbeat-000209,NA,doc,130,6.2.4,16,system,cpu,133,4,395.01%,0%,0%,0%,0%,0%,3.90%,0.04990,1.10%
17147,"December 18th 2018, 13:01:10.107",1,AWMTwmcBuqt-6aA3rgjY,metricbeat-000209,NA,doc,131,6.2.4,16,system,cpu,,4,397.06%,0%,0%,0%,0%,0%,2.12%,0.02940,0.82%
17176,"December 18th 2018, 13:00:12.594",1,DoUAwmcBbOSZnM2x4DRN,metricbeat-000209,NA,doc,132,6.2.4,16,system,cpu,,4,395.88%,0%,0%,0%,0%,0%,3.39%,0.04120,0.73%
15998,"December 18th 2018, 13:38:07.161",1,Paw1wmcB6ZGVNHRkWBgM,metricbeat-000209,NA,doc,133,6.2.4,16,system,cpu,"2,005",4,0%,0%,0%,0%,0%,0%,0%,0.00000,0%
17120,"December 18th 2018, 13:01:55.150",1,qZgTwmcBX8H-MD0_6njT,metricbeat-000209,NA,doc,134,6.2.4,16,system,cpu,221,4,392.84%,0%,0%,0%,0%,0%,5.93%,0.07160,1.22%
17173,"December 18th 2018, 13:00:18.053",1,dJsTwmcB6ZGVNHRklYOj,metricbeat-000209,NA,doc,135,6.2.4,16,system,cpu,,4,394.67%,0%,0%,0%,0%,0%,4.76%,0.05330,0.57%
17090,"December 18th 2018, 13:02:52.865",1,uuoBwmcBn_oGi6rsS1Wr,metricbeat-000209,NA,doc,136,6.2.4,17,system,cpu,,4,368.57%,0%,0%,0%,0%,0%,14.60%,0.31430,16.83%
17126,"December 18th 2018, 13:01:39.238",1,BukAwmcBn_oGi6rswjqt,metricbeat-000209,NA,doc,138,6.2.4,17,system,cpu,,4,396.53%,0%,0%,0%,0%,0%,2.35%,0.03470,1.11%
17138,"December 18th 2018, 13:01:25.736",1,ufgTwmcBn_oGi6rsxGKe,metricbeat-000209,NA,doc,139,6.2.4,17,system,cpu,,4,396.24%,0%,0%,0%,0%,0%,3.04%,0.03760,0.72%
15743,"December 18th 2018, 13:46:20.869",1,lTQ3wmcBN4R-DFd1V5Rw,metricbeat-000209,NA,doc,140,6.2.4,17,system,cpu,"2,005",4,0%,0%,0%,0%,0%,0%,0%,0.00000,0%
17027,"December 18th 2018, 13:04:58.042",1,ClUBwmcBuqt-6aA3w9MN,metricbeat-000209,NA,doc,141,6.2.4,17,system,cpu,,4,384.51%,0%,0%,0%,0%,0%,11.98%,0.15490,3.51%
17098,"December 18th 2018, 13:02:40.646",1,5BIBwmcBN4R-DFd1Rvqt,metricbeat-000209,NA,doc,142,6.2.4,18,system,cpu,137,4,397.82%,0%,0%,0%,0%,0%,1.61%,0.02180,0.57%
17159,"December 18th 2018, 13:00:48.166",1,pRIAwmcBN4R-DFd17Fy0,metricbeat-000209,NA,doc,143,6.2.4,18,system,cpu,,4,397.58%,0%,0%,0%,0%,0%,1.61%,0.02420,0.81%
17109,"December 18th 2018, 13:02:13.554",1,qUoBwmcBAOA7YPJGOIRf,metricbeat-000209,NA,doc,144,6.2.4,18,system,cpu,,4,396.73%,0%,0%,0%,0%,0%,2.31%,0.03270,0.96%
17084,"December 18th 2018, 13:03:10.763",1,A0oAwmcBAOA7YPJG-B_o,metricbeat-000209,NA,doc,145,6.2.4,18,system,cpu,,4,397.12%,0%,0%,0%,0%,0%,2.34%,0.02880,0.54%
17124,"December 18th 2018, 13:01:43.548",1,-lQBwmcBuqt-6aA3KaWj,metricbeat-000209,NA,doc,146,6.2.4,18,system,cpu,,4,394.94%,0%,0%,0%,0%,0%,4.22%,0.05060,0.84%
17141,"December 18th 2018, 13:01:24.504",1,UZsTwmcB6ZGVNHRkxOQD,metricbeat-000209,NA,doc,147,6.2.4,18,system,cpu,,4,395.57%,0%,0%,0%,0%,0%,3.65%,0.04430,0.78%
17142,"December 18th 2018, 13:01:23.849",1,x4UBwmcBbOSZnM2xG43u,metricbeat-000209,NA,doc,148,6.2.4,18,system,cpu,,4,392.71%,0%,0%,0%,0%,0%,6.42%,0.07290,0.87%
17174,"December 18th 2018, 13:00:15.879",1,Q_gTwmcBn_oGi6rslACW,metricbeat-000209,NA,doc,149,6.2.4,19,system,cpu,,4,395.87%,0%,0%,0%,0%,0%,3.60%,0.04130,0.53%
17053,"December 18th 2018, 13:03:51.846",1,jIYBwmcBbOSZnM2xcnWf,metricbeat-000209,NA,doc,150,6.2.4,19,system,cpu,83,4,396.35%,0%,0%,0%,0%,0%,2.86%,0.03650,0.78%
17111,"December 18th 2018, 13:02:10.003",1,hgwAwmcBdDbnrhqkz5fQ,metricbeat-000209,NA,doc,151,6.2.4,19,system,cpu,,4,397.01%,0%,0%,0%,0%,0%,2.06%,0.02990,0.94%
17033,"December 18th 2018, 13:04:45.929",1,ZlUBwmcBuqt-6aA3v8Re,metricbeat-000209,NA,doc,152,6.2.4,19,system,cpu,,4,394.24%,0%,0%,0%,0%,0%,4.81%,0.05760,0.95%
17149,"December 18th 2018, 13:01:06.126",1,xgwAwmcBdDbnrhqk-_Gc,metricbeat-000209,NA,doc,153,6.2.4,19,system,cpu,,4,385.20%,0%,0%,0%,0%,0%,12.96%,0.14800,1.84%
17107,"December 18th 2018, 13:02:20.719",1,ZZQTwmcBbOSZnM2x8rCw,metricbeat-000209,NA,doc,154,6.2.4,19,system,cpu,,4,394.59%,0%,0%,0%,0%,0%,3.58%,0.05410,1.83%
17042,"December 18th 2018, 13:04:17.805",1,U1QBwmcBuqt-6aA3Otr4,metricbeat-000209,NA,doc,155,6.2.4,20,system,cpu,,4,395.41%,0%,0%,0%,0%,0%,4.10%,0.04590,0.49%
17078,"December 18th 2018, 13:03:15.750",1,AOYAwmcBxOZ1qs_p_e5v,metricbeat-000209,NA,doc,156,6.2.4,20,system,cpu,,4,397.21%,0%,0%,0%,0%,0%,2.19%,0.02790,0.59%
17143,"December 18th 2018, 13:01:23.504",1,SFQBwmcBuqt-6aA3HIsL,metricbeat-000209,NA,doc,157,6.2.4,20,system,cpu,116,4,397.72%,0%,0%,0%,0%,0%,1.69%,0.02280,0.59%
17028,"December 18th 2018, 13:04:51.682",1,roYBwmcBbOSZnM2xSQz6,metricbeat-000209,NA,doc,158,6.2.4,20,system,cpu,,4,393.60%,0%,0%,0%,0%,0%,4.66%,0.06400,1.74%
17116,"December 18th 2018, 13:02:01.974",1,m_gTwmcBn_oGi6rs6Zx3,metricbeat-000209,NA,doc,159,6.2.4,20,system,cpu,,4,395.80%,0%,0%,0%,0%,0%,3.15%,0.04200,1.05%
17118,"December 18th 2018, 13:01:59.577",1,YVQBwmcBuqt-6aA3Mr_A,metricbeat-000209,NA,doc,160,6.2.4,20,system,cpu,,4,382.66%,0%,0%,0%,0%,0%,14.70%,0.17340,2.64%
17025,"December 18th 2018, 13:04:58.954",1,1ksBwmcBAOA7YPJGw3PO,metricbeat-000209,NA,doc,161,6.2.4,20,system,cpu,179,4,394.09%,0%,0%,0%,0%,0%,4.19%,0.05910,1.72%
17049,"December 18th 2018, 13:04:02.025",1,R-oBwmcBn_oGi6rsMw21,metricbeat-000209,NA,doc,184,6.2.4,21,system,cpu,,4,397.09%,0%,0%,0%,0%,0%,2.54%,0.02910,0.37%
17066,"December 18th 2018, 13:03:33.455",1,dY0BwmcB6ZGVNHRkIWIP,metricbeat-000209,NA,doc,186,6.2.4,21,system,cpu,,4,394.36%,0%,0%,0%,0%,0%,4.30%,0.05640,1.34%
17114,"December 18th 2018, 13:02:03.197",1,YyETwmcBN4R-DFd16Y6z,metricbeat-000209,NA,doc,187,6.2.4,21,system,cpu,,4,381.61%,0%,0%,0%,0%,0%,16.33%,0.18390,2.06%
17131,"December 18th 2018, 13:01:32.180",1,3YwAwmcB6ZGVNHRkwL2W,metricbeat-000209,NA,doc,189,6.2.4,21,system,cpu,,4,384.18%,0%,0%,0%,0%,0%,14.11%,0.15820,1.71%
17134,"December 18th 2018, 13:01:27.072",1,c5QTwmcBbOSZnM2xxmei,metricbeat-000209,NA,doc,190,6.2.4,21,system,cpu,,4,394.02%,0%,0%,0%,0%,0%,4.72%,0.05980,1.26%
17139,"December 18th 2018, 13:01:25.545",1,#NAME?,metricbeat-000209,NA,doc,191,6.2.4,21,system,cpu,,4,396.28%,0%,0%,0%,0%,0%,3.26%,0.03720,0.46%
17047,"December 18th 2018, 13:04:05.023",1,8-wBwmcBrehMbwjYNZ3G,metricbeat-000209,NA,doc,168,6.2.4,22,system,cpu,,4,395.54%,0%,0%,0%,0%,0%,2.79%,0.04460,1.67%
17081,"December 18th 2018, 13:03:13.133",1,FiIfwmcBN4R-DFd1OmKs,metricbeat-000209,NA,doc,169,6.2.4,22,system,cpu,,4,396.67%,0%,0%,0%,0%,0%,2.62%,0.03330,0.71%
17113,"December 18th 2018, 13:02:04.112",1,dxIAwmcBN4R-DFd1zhMl,metricbeat-000209,NA,doc,170,6.2.4,22,system,cpu,,4,396.41%,0%,0%,0%,0%,0%,3.25%,0.03590,0.34%
17076,"December 18th 2018, 13:03:20.639",1,0BMBwmcBN4R-DFd1XkJ8,metricbeat-000209,NA,doc,171,6.2.4,22,system,cpu,,4,392.46%,0%,0%,0%,0%,0%,4.95%,0.07540,2.59%
17144,"December 18th 2018, 13:01:20.522",1,yIUBwmcBbOSZnM2xGYec,metricbeat-000209,NA,doc,172,6.2.4,22,system,cpu,,4,395.79%,0%,0%,0%,0%,0%,3.42%,0.04210,0.79%
17122,"December 18th 2018, 13:01:53.460",1,rw0BwmcBdDbnrhqkLS_e,metricbeat-000209,NA,doc,173,6.2.4,22,system,cpu,170,4,393.81%,0%,0%,0%,0%,0%,5.42%,0.06190,0.78%
17070,"December 18th 2018, 13:03:28.989",1,vYoBwmcBX8H-MD0_aHVQ,metricbeat-000209,NA,doc,174,6.2.4,22,system,cpu,,4,388.01%,0%,0%,0%,0%,0%,10.45%,0.11990,1.54%
17037,"December 18th 2018, 13:04:34.095",1,sfwlwmcBrehMbwjYBvOE,metricbeat-000209,NA,doc,175,6.2.4,22,system,cpu,,4,393.49%,0%,0%,0%,0%,0%,4.16%,0.06510,2.34%
17058,"December 18th 2018, 13:03:45.116",1,je0BwmcBrehMbwjYbiv4,metricbeat-000209,NA,doc,185,6.2.4,22,system,cpu,171,4,394.76%,0%,0%,0%,0%,0%,4.77%,0.05240,0.47%
17075,"December 18th 2018, 13:03:20.917",1,_uoBwmcBn_oGi6rsXoO-,metricbeat-000209,NA,doc,176,6.2.4,23,system,cpu,,4,397.32%,0%,0%,0%,0%,0%,2.15%,0.02680,0.54%
17117,"December 18th 2018, 13:02:00.183",1,UucBwmcBxOZ1qs_pMjfN,metricbeat-000209,NA,doc,177,6.2.4,23,system,cpu,92,4,397.94%,0%,0%,0%,0%,0%,1.66%,0.02060,0.41%
17135,"December 18th 2018, 13:01:26.289",1,ieYAwmcBxOZ1qs_pu0zs,metricbeat-000209,NA,doc,178,6.2.4,23,system,cpu,,4,396.22%,0%,0%,0%,0%,0%,2.28%,0.03780,1.50%
17171,"December 18th 2018, 13:00:21.690",1,sOkAwmcBn_oGi6rs5IRL,metricbeat-000209,NA,doc,179,6.2.4,23,system,cpu,,4,394.03%,0%,0%,0%,0%,0%,5.25%,0.05970,0.72%
17161,"December 18th 2018, 13:00:40.597",1,NkoAwmcBAOA7YPJG6gLS,metricbeat-000209,NA,doc,180,6.2.4,23,system,cpu,,4,391.87%,0%,0%,0%,0%,0%,6.18%,0.08130,1.95%
17062,"December 18th 2018, 13:03:38.194",1,#NAME?,metricbeat-000209,NA,doc,181,6.2.4,23,system,cpu,,4,393.05%,0%,0%,0%,0%,0%,5.67%,0.06950,1.28%
17038,"December 18th 2018, 13:04:27.878",1,pVUBwmcBuqt-6aA3tqp0,metricbeat-000209,NA,doc,182,6.2.4,23,system,cpu,,4,390.26%,0%,0%,0%,0%,0%,7.58%,0.09740,2.17%
